driverId,Nombre,url
alguersuari,Jaime Alguersuari,https://upload.wikimedia.org/wikipedia/commons/thumb/8/84/Jaime_Alguersuari_Canada_2010_cropped.jpg/338px-Jaime_Alguersuari_Canada_2010_cropped.jpg
alonso,Fernando Alonso,https://upload.wikimedia.org/wikipedia/commons/thumb/0/0f/Fernando_Alonso_NASCAR_Media_Tour_2018.jpg/338px-Fernando_Alonso_NASCAR_Media_Tour_2018.jpg
barrichello,Rubens Barrichello,https://upload.wikimedia.org/wikipedia/commons/thumb/a/ae/Rubinho.jpg/338px-Rubinho.jpg
buemi,Sébastien Buemi,https://upload.wikimedia.org/wikipedia/commons/thumb/2/2a/Buemi_2017_Berlin_ePrix_Podium.jpg/338px-Buemi_2017_Berlin_ePrix_Podium.jpg
button,Jenson Button,https://upload.wikimedia.org/wikipedia/commons/thumb/2/21/Button_in_2018.JPG/480px-Button_in_2018.JPG
chandhok,Karun Chandhok,https://upload.wikimedia.org/wikipedia/commons/thumb/3/32/Karun_Chandhok_Goodwood_Festival_of_Speed_2019_%2848242680701%29.jpg/480px-Karun_Chandhok_Goodwood_Festival_of_Speed_2019_%2848242680701%29.jpg
rosa,Pedro de la Rosa,https://upload.wikimedia.org/wikipedia/commons/thumb/f/fe/Pedro_de_la_Rosa_2010_Malaysia.jpg/338px-Pedro_de_la_Rosa_2010_Malaysia.jpg
grassi,Lucas di Grassi,https://upload.wikimedia.org/wikipedia/commons/thumb/c/c6/Lucas_Di_Grassi%2C_Stock_Car_Brasil_2019%2C_03_%28cropped%29.jpg/480px-Lucas_Di_Grassi%2C_Stock_Car_Brasil_2019%2C_03_%28cropped%29.jpg
glock,Timo Glock,https://upload.wikimedia.org/wikipedia/commons/thumb/8/82/2014_DTM_HockenheimringII_Timo_Glock_by_2eight_8SC0922.jpg/480px-2014_DTM_HockenheimringII_Timo_Glock_by_2eight_8SC0922.jpg
hamilton,Lewis Hamilton,https://upload.wikimedia.org/wikipedia/commons/thumb/a/ac/Lewis_Hamilton_2022_S%C3%A3o_Paulo_Grand_Prix_%2852498120773%29_%28cropped%29.jpg/338px-Lewis_Hamilton_2022_S%C3%A3o_Paulo_Grand_Prix_%2852498120773%29_%28cropped%29.jpg
heidfeld,Nick Heidfeld,https://upload.wikimedia.org/wikipedia/commons/thumb/2/2c/Nick_Heidfeld_Goodwood_Festival_of_Speed_2019_%2848242681251%29.jpg/338px-Nick_Heidfeld_Goodwood_Festival_of_Speed_2019_%2848242681251%29.jpg
hulkenberg,Nico Hülkenberg,https://upload.wikimedia.org/wikipedia/commons/thumb/d/de/2019_Formula_One_tests_Barcelona%2C_Hulkenberg_%2840287128313%29.jpg/338px-2019_Formula_One_tests_Barcelona%2C_Hulkenberg_%2840287128313%29.jpg
klien,Christian Klien,https://upload.wikimedia.org/wikipedia/commons/thumb/7/7f/Christian_Klien_%2813994163352%29.jpg/480px-Christian_Klien_%2813994163352%29.jpg
kobayashi,Kamui Kobayashi,https://upload.wikimedia.org/wikipedia/commons/thumb/1/17/Kamui_Kobayashi_2010_Malaysia.jpg/480px-Kamui_Kobayashi_2010_Malaysia.jpg
kovalainen,Heikki Kovalainen,https://upload.wikimedia.org/wikipedia/commons/thumb/2/29/Effect_20190609_091716.jpg/480px-Effect_20190609_091716.jpg
kubica,Robert Kubica,https://upload.wikimedia.org/wikipedia/commons/thumb/9/90/2019_Formula_One_tests_Barcelona%2C_Kubica_%2832309897777%29.jpg/480px-2019_Formula_One_tests_Barcelona%2C_Kubica_%2832309897777%29.jpg
liuzzi,Vitantonio Liuzzi,https://upload.wikimedia.org/wikipedia/commons/thumb/c/c1/Vitantonio_Liuzzi_2012_WEC_Fuji.jpg/338px-Vitantonio_Liuzzi_2012_WEC_Fuji.jpg
massa,Felipe Massa,https://upload.wikimedia.org/wikipedia/commons/thumb/e/e7/Felipe_Massa.jpg/338px-Felipe_Massa.jpg
petrov,Vitaly Petrov,https://upload.wikimedia.org/wikipedia/commons/thumb/8/82/Press-conf_zaj_09.jpg/480px-Press-conf_zaj_09.jpg
rosberg,Nico Rosberg,https://upload.wikimedia.org/wikipedia/commons/thumb/4/41/Web_Summit_2018_-_Forum_-_Day_1%2C_November_6_SAM_9601_%2845023831104%29.jpg/480px-Web_Summit_2018_-_Forum_-_Day_1%2C_November_6_SAM_9601_%2845023831104%29.jpg
michael_schumacher,Michael Schumacher,https://upload.wikimedia.org/wikipedia/commons/thumb/a/ab/Mick_Schumacher_-_2022236170142_2022-08-24_Champions_for_Charity_-_Sven_-_1D_X_MK_II_-_0047_-_B70I2057.jpg/480px-Mick_Schumacher_-_2022236170142_2022-08-24_Champions_for_Charity_-_Sven_-_1D_X_MK_II_-_0047_-_B70I2057.jpg
bruno_senna,Bruno Senna,https://upload.wikimedia.org/wikipedia/commons/thumb/e/e7/Senna_by_United_Autosports_team_08.jpg/480px-Senna_by_United_Autosports_team_08.jpg
sutil,Adrian Sutil,https://upload.wikimedia.org/wikipedia/commons/thumb/e/e4/Adrian_Sutil.jpg/480px-Adrian_Sutil.jpg
trulli,Jarno Trulli,https://upload.wikimedia.org/wikipedia/commons/thumb/e/e4/12._Internationale_Sportnacht_Davos_2014_%2815432462762%29.jpg/338px-12._Internationale_Sportnacht_Davos_2014_%2815432462762%29.jpg
vettel,Sebastian Vettel,https://upload.wikimedia.org/wikipedia/commons/thumb/5/5e/Sebastian_Vettel_-_2022236172324_2022-08-24_Champions_for_Charity_-_Sven_-_1D_X_MK_II_-_0418_-_B70I2428.jpg/338px-Sebastian_Vettel_-_2022236172324_2022-08-24_Champions_for_Charity_-_Sven_-_1D_X_MK_II_-_0418_-_B70I2428.jpg
webber,Mark Webber,https://upload.wikimedia.org/wikipedia/commons/thumb/b/b2/Mark_Webber_2017_Malaysian_GP_podium.jpg/338px-Mark_Webber_2017_Malaysian_GP_podium.jpg
yamamoto,Sakon Yamamoto,https://upload.wikimedia.org/wikipedia/commons/thumb/9/98/Sakon_Yamamoto_2010_Motorsport_Japan.jpg/480px-Sakon_Yamamoto_2010_Motorsport_Japan.jpg
ambrosio,Jérôme d'Ambrosio,https://upload.wikimedia.org/wikipedia/commons/thumb/4/4d/Jerome_D%27Ambrosio_%28cropped%29.jpg/480px-Jerome_D%27Ambrosio_%28cropped%29.jpg
resta,Paul di Resta,https://upload.wikimedia.org/wikipedia/commons/thumb/8/8a/United-autosports-le-mans-2018-scrutineering-033_%2842043926574%29.jpg/338px-United-autosports-le-mans-2018-scrutineering-033_%2842043926574%29.jpg
karthikeyan,Narain Karthikeyan,https://upload.wikimedia.org/wikipedia/commons/thumb/a/a6/Narain_Karthikeyan_2011_Malaysia2.jpg/480px-Narain_Karthikeyan_2011_Malaysia2.jpg
maldonado,Pastor Maldonado,https://upload.wikimedia.org/wikipedia/commons/thumb/0/00/Pastor_Maldonado_2015_Malaysia.jpg/338px-Pastor_Maldonado_2015_Malaysia.jpg
perez,Sergio Pérez,https://upload.wikimedia.org/wikipedia/commons/7/7a/Sergio_P%C3%A9rez_2019_%28cropped%29.jpg
ricciardo,Daniel Ricciardo,https://upload.wikimedia.org/wikipedia/commons/thumb/2/24/Daniel_Ricciardo%2C_British_GP_2022_%2852382610448%29_%28cropped%29.jpg/338px-Daniel_Ricciardo%2C_British_GP_2022_%2852382610448%29_%28cropped%29.jpg
grosjean,Romain Grosjean,https://upload.wikimedia.org/wikipedia/commons/thumb/e/ee/Romain_Grosjean_2022_Long_Beach.jpg/338px-Romain_Grosjean_2022_Long_Beach.jpg
pic,Charles Pic,https://upload.wikimedia.org/wikipedia/commons/thumb/e/ef/Charles_Pic_Moscow_2013.jpg/480px-Charles_Pic_Moscow_2013.jpg
raikkonen,Kimi Räikkönen,https://upload.wikimedia.org/wikipedia/commons/thumb/9/96/F12019_Schloss_Gabelhofen_%2822%29.jpg/338px-F12019_Schloss_Gabelhofen_%2822%29.jpg
vergne,Jean-Éric Vergne,https://upload.wikimedia.org/wikipedia/commons/thumb/3/30/2022_Mexico_City_ePrix_podium_-_Vergne.jpg/480px-2022_Mexico_City_ePrix_podium_-_Vergne.jpg
jules_bianchi,Jules Bianchi,https://upload.wikimedia.org/wikipedia/commons/thumb/0/03/Jules_Bianchi_2012-1.JPG/338px-Jules_Bianchi_2012-1.JPG
bottas,Valtteri Bottas,https://upload.wikimedia.org/wikipedia/commons/thumb/5/5f/Valtteri_Bottas_at_the_2022_Austrian_Grand_Prix.jpg/338px-Valtteri_Bottas_at_the_2022_Austrian_Grand_Prix.jpg
chilton,Max Chilton,https://upload.wikimedia.org/wikipedia/commons/thumb/f/f8/Max_Chilton_2.jpg/480px-Max_Chilton_2.jpg
gutierrez,Esteban Gutiérrez,https://upload.wikimedia.org/wikipedia/commons/thumb/d/df/Esteban_Guti%C3%A9rrez_en_el_Gran_Premio_de_Italia_2019_%28cropped%29.jpg/480px-Esteban_Guti%C3%A9rrez_en_el_Gran_Premio_de_Italia_2019_%28cropped%29.jpg
garde,Giedo van der Garde,https://upload.wikimedia.org/wikipedia/commons/thumb/b/b7/Giedo_van_der_Garde.jpg/480px-Giedo_van_der_Garde.jpg
ericsson,Marcus Ericsson,https://upload.wikimedia.org/wikipedia/commons/thumb/b/bc/Marcus_Ericsson_%282021%29.jpg/480px-Marcus_Ericsson_%282021%29.jpg
kvyat,Daniil Kvyat,https://upload.wikimedia.org/wikipedia/commons/thumb/4/44/Daniil_Kvyat_USA_2017.jpg/480px-Daniil_Kvyat_USA_2017.jpg
lotterer,André Lotterer,https://upload.wikimedia.org/wikipedia/commons/thumb/5/57/2022_Mexico_City_ePrix_podium_-_Lotterer.jpg/480px-2022_Mexico_City_ePrix_podium_-_Lotterer.jpg
kevin_magnussen,Kevin Magnussen,https://upload.wikimedia.org/wikipedia/commons/thumb/2/22/FIA_F1_Austria_2022_Magnussen_%28cropped%29.jpg/338px-FIA_F1_Austria_2022_Magnussen_%28cropped%29.jpg
stevens,Will Stevens,https://upload.wikimedia.org/wikipedia/commons/thumb/c/c5/Will_Stevens_2017.jpg/480px-Will_Stevens_2017.jpg
merhi,Roberto Merhi,https://upload.wikimedia.org/wikipedia/commons/thumb/a/ab/Roberto_Merhi_Austria_2022.jpg/338px-Roberto_Merhi_Austria_2022.jpg
nasr,Felipe Nasr,https://upload.wikimedia.org/wikipedia/commons/thumb/e/e7/Piloto_Felipe_Nasr_fala_%C3%A0_imprensa_ap%C3%B3s_encontro_com_Temer_%2828412246304%29.jpg/480px-Piloto_Felipe_Nasr_fala_%C3%A0_imprensa_ap%C3%B3s_encontro_com_Temer_%2828412246304%29.jpg
rossi,Alexander Rossi,https://upload.wikimedia.org/wikipedia/commons/thumb/4/45/Andretti_Autosport_Visit_180405-F-KS667-0012_%28cropped%29.jpg/480px-Andretti_Autosport_Visit_180405-F-KS667-0012_%28cropped%29.jpg
sainz,Carlos Sainz,https://upload.wikimedia.org/wikipedia/commons/thumb/7/7e/Formula1Gabelhofen2022_%2804%29.jpg/480px-Formula1Gabelhofen2022_%2804%29.jpg
max_verstappen,Max Verstappen,https://upload.wikimedia.org/wikipedia/commons/thumb/8/8f/Max_Verstappen_2017_Malaysia_1.jpg/480px-Max_Verstappen_2017_Malaysia_1.jpg
haryanto,Rio Haryanto,https://upload.wikimedia.org/wikipedia/commons/b/be/Rio_Haryanto_Jakarta_2011.jpg
ocon,Esteban Ocon,https://upload.wikimedia.org/wikipedia/commons/thumb/e/e8/FIA_F1_Austria_2022_Drivers_Parade_%281%29_%28cropped%29.jpg/480px-FIA_F1_Austria_2022_Drivers_Parade_%281%29_%28cropped%29.jpg
jolyon_palmer,Jolyon Palmer,https://upload.wikimedia.org/wikipedia/commons/thumb/6/6c/Jolyon_Palmer_2016_Malaysia.jpg/480px-Jolyon_Palmer_2016_Malaysia.jpg
vandoorne,Stoffel Vandoorne,https://upload.wikimedia.org/wikipedia/commons/thumb/b/bc/Stoffel_Vandoorne_IAA_2019.jpg/338px-Stoffel_Vandoorne_IAA_2019.jpg
wehrlein,Pascal Wehrlein,https://upload.wikimedia.org/wikipedia/commons/thumb/0/0d/2022_Mexico_City_ePrix_podium_-_Wehrlein.jpg/480px-2022_Mexico_City_ePrix_podium_-_Wehrlein.jpg
gasly,Pierre Gasly,https://upload.wikimedia.org/wikipedia/commons/thumb/0/00/Pierre_Gasly_-_2021_US_GP_driver_parade.jpg/480px-Pierre_Gasly_-_2021_US_GP_driver_parade.jpg
giovinazzi,Antonio Giovinazzi,https://upload.wikimedia.org/wikipedia/commons/thumb/f/f8/F12019_Schloss_Gabelhofen_%2803%29.jpg/480px-F12019_Schloss_Gabelhofen_%2803%29.jpg
brendon_hartley,Brendon Hartley,https://upload.wikimedia.org/wikipedia/commons/thumb/9/9a/Brendon_Hartley_USA_2017.jpg/480px-Brendon_Hartley_USA_2017.jpg
stroll,Lance Stroll,https://upload.wikimedia.org/wikipedia/commons/thumb/a/aa/FIA_F1_Austria_2022_Lance_Stroll_%28cropped%29.jpg/480px-FIA_F1_Austria_2022_Lance_Stroll_%28cropped%29.jpg
leclerc,Charles Leclerc,https://upload.wikimedia.org/wikipedia/commons/thumb/5/5e/Charles_Leclerc_portrait_2020.png/480px-Charles_Leclerc_portrait_2020.png
sirotkin,Sergey Sirotkin,https://upload.wikimedia.org/wikipedia/commons/thumb/c/c0/Sergey_Sirotkin_Moscow_asv2018-01.jpg/480px-Sergey_Sirotkin_Moscow_asv2018-01.jpg
albon,Alexander Albon,https://upload.wikimedia.org/wikipedia/commons/thumb/5/5b/Formula1Gabelhofen2022_%2801%29.jpg/480px-Formula1Gabelhofen2022_%2801%29.jpg
norris,Lando Norris,https://upload.wikimedia.org/wikipedia/commons/thumb/9/9c/Lando_Norris%2C_British_GP_2022_%2852382611003%29_%28cropped%29.jpg/480px-Lando_Norris%2C_British_GP_2022_%2852382611003%29_%28cropped%29.jpg
russell,George Russell,https://upload.wikimedia.org/wikipedia/commons/thumb/f/ff/George_Russell%2C_British_GP_2022_%2852381430692%29_%28cropped%29.jpg/480px-George_Russell%2C_British_GP_2022_%2852381430692%29_%28cropped%29.jpg
aitken,Jack Aitken,https://upload.wikimedia.org/wikipedia/commons/thumb/6/63/Jack-aitken---tt-assen_43226091815_o_%28cropped%29.jpg/480px-Jack-aitken---tt-assen_43226091815_o_%28cropped%29.jpg
pietro_fittipaldi,Pietro Fittipaldi,https://upload.wikimedia.org/wikipedia/commons/thumb/c/c5/Pietro_and_Enzo_Fittipaldi_%28cropped%29_%281%29.jpg/480px-Pietro_and_Enzo_Fittipaldi_%28cropped%29_%281%29.jpg
latifi,Nicholas Latifi,https://upload.wikimedia.org/wikipedia/commons/thumb/8/84/FIA_F1_Austria_2022_Nicholas_Latifi_%28cropped%29.jpg/480px-FIA_F1_Austria_2022_Nicholas_Latifi_%28cropped%29.jpg
mazepin,Nikita Mazepin,https://upload.wikimedia.org/wikipedia/commons/thumb/e/e8/%D0%9D%D0%B8%D0%BA%D0%B8%D1%82%D0%B0_%D0%9C%D0%B0%D0%B7%D0%B5%D0%BF%D0%B8%D0%BD_-_%D0%B8%D0%BD%D1%82%D0%B5%D1%80%D0%B2%D1%8C%D1%8E_-_2019%2C_02.jpg/480px-%D0%9D%D0%B8%D0%BA%D0%B8%D1%82%D0%B0_%D0%9C%D0%B0%D0%B7%D0%B5%D0%BF%D0%B8%D0%BD_-_%D0%B8%D0%BD%D1%82%D0%B5%D1%80%D0%B2%D1%8C%D1%8E_-_2019%2C_02.jpg
mick_schumacher,Mick Schumacher,https://upload.wikimedia.org/wikipedia/commons/thumb/a/ab/Mick_Schumacher_-_2022236170142_2022-08-24_Champions_for_Charity_-_Sven_-_1D_X_MK_II_-_0047_-_B70I2057.jpg/480px-Mick_Schumacher_-_2022236170142_2022-08-24_Champions_for_Charity_-_Sven_-_1D_X_MK_II_-_0047_-_B70I2057.jpg
tsunoda,Yuki Tsunoda,https://upload.wikimedia.org/wikipedia/commons/thumb/e/eb/2021_US_GP%2C_Tsunoda.jpg/480px-2021_US_GP%2C_Tsunoda.jpg
de_vries,Nyck de Vries,
zhou,Guanyu Zhou,
